{"cameraMode":{"drawMode":0,"name":"Shaded","section":"Shading Mode"},"sceneLighting":false,"audioPlay":false,"sceneViewState":{"showFog":true,"showMaterialUpdate":false,"showSkybox":false,"showFlares":true,"showImageEffects":true,"showParticleSystems":true,"showVisualEffectGraphs":true,"m_FxEnabled":true},"in2DMode":false,"pivot":{"x":0.15168428421020509,"y":-0.2703906297683716,"z":0.9796779155731201},"rotation":{"x":0.05537167936563492,"y":0.05987171828746796,"z":-0.0033262979704886677,"w":0.9966642260551453},"size":2.0588676929473879,"orthographic":true}