{"cameraMode":{"drawMode":0,"name":"Shaded","section":"Shading Mode"},"sceneLighting":false,"audioPlay":false,"sceneViewState":{"showFog":true,"showMaterialUpdate":false,"showSkybox":false,"showFlares":true,"showImageEffects":true,"showParticleSystems":true,"showVisualEffectGraphs":true,"m_FxEnabled":true},"in2DMode":false,"pivot":{"x":0.15168428421020509,"y":-0.2703906297683716,"z":0.9796779155731201},"rotation":{"x":0.04619720205664635,"y":0.11065242439508438,"z":-0.005148993339389563,"w":0.9927730560302734},"size":1.763632893562317,"orthographic":true}