{"cameraMode":{"drawMode":0,"name":"Shaded","section":"Shading Mode"},"sceneLighting":true,"audioPlay":false,"sceneViewState":{"showFog":true,"showMaterialUpdate":false,"showSkybox":true,"showFlares":true,"showImageEffects":true,"showParticleSystems":true,"showVisualEffectGraphs":true,"m_FxEnabled":true},"in2DMode":false,"pivot":{"x":-22744.236328125,"y":3783.367431640625,"z":-514.0435791015625},"rotation":{"x":-0.022496869787573816,"y":0.010497179813683033,"z":0.00023620824504178017,"w":0.9996922016143799},"size":1016.8466186523438,"orthographic":true}